mutation,gene,pct_us,pct_tcga,total_pts
KRASp.Gly12Cys,KRASp,1.5100969428611215,1.1598833171273788,29572.37944174363
GNASp.Arg201Cys,GNASp,0.1654178328786332,0.23614390887623282,3239.393963045562
KRASp.Gly13Cys,KRASp,0.1646925576952763,0.14585359077649673,3225.190826602365
NRASp.Gly12Cys,NRASp,0.0569368039033035,0.0763994999305459,1114.9991245187828
GNASp.Arg265Cys,GNASp,0.03225050769882773,0.02083622725378525,631.5649173169134
GNASp.Arg389Cys,GNASp,0.03150142947962683,0.027781636338380333,616.8956436424802
HRASp.Gly12Cys,HRASp,0.03017080785166979,0.0416724545075705,590.8379472400346
GNASp.Arg16Cys,GNASp,0.02456372358571872,0.013890818169190166,481.0338553514882
NRASp.Arg164Cys,NRASp,0.019099829203265226,0.02083622725378525,374.03386527046325
HRASp.Phe90Cys,HRASp,0.0187626992339168,0.006945409084595083,367.4318153677161
GNASp.Arg356Cys,GNASp,0.017994323579654182,0.02083622725378525,352.3846380927258
GNASp.Arg160Cys,GNASp,0.017363368039132007,0.027781636338380333,340.028572647126
GNASp.Arg317Cys,GNASp,0.014233273964417831,0.013890818169190166,278.7316273725908
HRASp.Gly13Cys,HRASp,0.013266987148585865,0.02083622725378525,259.80873602947185
GNASp.Arg598Cys,GNASp,0.012738730245710034,0.02083622725378525,249.46382827476418
GNASp.Arg660Cys,GNASp,0.01228186179285936,0.006945409084595083,240.5169276757441
HRASp.Arg73Cys,HRASp,0.01228186179285936,0.006945409084595083,240.5169276757441
KRASp.Tyr71Cys,KRASp,0.01228186179285936,0.006945409084595083,240.5169276757441
GNASp.Arg232Cys,GNASp,0.009871026698494012,0.006945409084595083,193.3053029392781
GNASp.Arg165Cys,GNASp,0.008161952471877693,0.013890818169190166,159.83633145202808
GNASp.Arg374Cys,GNASp,0.006817967410405867,0.013890818169190166,133.5169375947191
GNASp.Arg562Cys,GNASp,0.005920762835304166,0.006945409084595083,115.94689068004502
GNASp.Phe312Cys,GNASp,0.005920762835304166,0.006945409084595083,115.94689068004502
GNASp.Gly72Cys,GNASp,0.004752968766674758,0.006945409084595083,93.07786265466846
RRASp.Arg150Cys,RRASp,0.004752968766674758,0.006945409084595083,93.07786265466846
GNASp.Tyr37Cys,GNASp,0.003682037474694031,0.013890818169190166,72.10570807068068
GNASp.Arg199Cys,GNASp,0.0034089837052029334,0.006945409084595083,66.75846879735955
GNASp.Arg283Cys,GNASp,0.0034089837052029334,0.006945409084595083,66.75846879735955
GNASp.Arg373Cys,GNASp,0.0034089837052029334,0.006945409084595083,66.75846879735955
GNASp.Arg380Cys,GNASp,0.0034089837052029334,0.006945409084595083,66.75846879735955
GNASp.Phe315Cys,GNASp,0.0034089837052029334,0.006945409084595083,66.75846879735955
GNASp.Tyr680Cys,GNASp,0.0034089837052029334,0.006945409084595083,66.75846879735955
MRASp.Arg105Cys,MRASp,0.0034089837052029334,0.006945409084595083,66.75846879735955
RRASp.Tyr58Cys,RRASp,0.0034089837052029334,0.006945409084595083,66.75846879735955
GNASp.Gly282Cys,GNASp,0.0032349451666322084,0.006945409084595083,63.3502546926752
GNASp.Ser443Cys,GNASp,0.0021924114768949237,0.006945409084595083,42.93421319318099
GNASp.Arg632Cys,GNASp,0.0019514121715584708,0.006945409084595083,38.21469969684669
GNASp.Ser576Cys,GNASp,0.0018410187373470155,0.006945409084595083,36.05285403534034
GNASp.Arg649Cys,GNASp,2.678534156790074e-4,0.006945409084595083,5.2454002245835705
